Data,Campanha,Custo
2025-04-01,Campaign_Generic_1,225.18
2025-04-01,Campaign_Generic_2,64.28
2025-04-01,Campaign_Search_Brand,814.81
2025-04-01,Campaign_PMax_1,1949.17
2025-04-02,Campaign_Generic_1,223.41
2025-04-02,Campaign_Generic_2,76.64
2025-04-02,Campaign_Search_Brand,1090.1
2025-04-02,Campaign_PMax_1,2229.39
2025-04-03,Campaign_Generic_1,236.82
2025-04-03,Campaign_Generic_2,92.02
2025-04-03,Campaign_Search_Brand,942.65
2025-04-03,Campaign_PMax_1,2384.0
2025-04-04,Campaign_Generic_1,149.64
2025-04-04,Campaign_Generic_2,61.99
2025-04-04,Campaign_Search_Brand,977.64
2025-04-04,Campaign_PMax_1,2544.67
2025-04-05,Campaign_Generic_1,227.12
2025-04-05,Campaign_Generic_2,99.63
2025-04-05,Campaign_Search_Brand,886.88
2025-04-05,Campaign_PMax_1,2881.69
2025-04-06,Campaign_Generic_1,323.14
2025-04-06,Campaign_Generic_2,83.91
2025-04-06,Campaign_Search_Brand,1054.41
2025-04-06,Campaign_PMax_1,2806.78
2025-04-07,Campaign_Generic_1,338.77
2025-04-07,Campaign_Generic_2,101.5
2025-04-07,Campaign_Search_Brand,1258.47
2025-04-07,Campaign_PMax_1,2710.94
2025-04-08,Campaign_Generic_1,310.09
2025-04-08,Campaign_Generic_2,87.35
2025-04-08,Campaign_Search_Brand,1261.9
2025-04-08,Campaign_PMax_1,2876.5
2025-04-09,Campaign_Generic_1,333.43
2025-04-09,Campaign_Generic_2,67.11
2025-04-09,Campaign_Search_Brand,1450.01
2025-04-09,Campaign_PMax_1,3082.45
2025-04-10,Campaign_Generic_1,338.76
2025-04-10,Campaign_Generic_2,81.2
2025-04-10,Campaign_Search_Brand,1363.14
2025-04-10,Campaign_PMax_1,2992.83
2025-04-11,Campaign_Generic_1,330.28
2025-04-11,Campaign_Generic_2,61.22
2025-04-11,Campaign_Search_Brand,1104.57
2025-04-11,Campaign_PMax_1,2936.61
2025-04-12,Campaign_Generic_1,302.4
2025-04-12,Campaign_Generic_2,94.07
2025-04-12,Campaign_Search_Brand,978.75
2025-04-12,Campaign_PMax_1,3258.41
2025-04-13,Campaign_Generic_1,428.77
2025-04-13,Campaign_Generic_2,88.85
2025-04-13,Campaign_Search_Brand,1242.94
2025-04-13,Campaign_PMax_1,3316.88
2025-04-14,Campaign_Generic_1,420.89
2025-04-14,Campaign_Generic_2,109.95
2025-04-14,Campaign_Search_Brand,1444.46
2025-04-14,Campaign_PMax_1,2677.85
2025-04-15,Campaign_Generic_1,449.12
2025-04-15,Campaign_Generic_2,105.19
2025-04-15,Campaign_Search_Brand,1616.57
2025-04-15,Campaign_PMax_1,3381.77
2025-04-16,Campaign_Generic_1,430.27
2025-04-16,Campaign_Generic_2,124.98
2025-04-16,Campaign_Search_Brand,1464.45
2025-04-16,Campaign_PMax_1,3408.25
2025-04-17,Campaign_Generic_1,322.95
2025-04-17,Campaign_Generic_2,69.76
2025-04-17,Campaign_Search_Brand,1196.6
2025-04-17,Campaign_PMax_1,2616.6
2025-04-18,Campaign_Generic_1,246.19
2025-04-18,Campaign_Generic_2,66.19
2025-04-18,Campaign_Search_Brand,688.39
2025-04-18,Campaign_PMax_1,2164.19
2025-04-19,Campaign_Generic_1,395.03
2025-04-19,Campaign_Generic_2,127.29
2025-04-19,Campaign_Search_Brand,917.36
2025-04-19,Campaign_PMax_1,2379.89
2025-04-20,Campaign_Generic_1,287.44
2025-04-20,Campaign_Generic_2,104.16
2025-04-20,Campaign_Search_Brand,781.36
2025-04-20,Campaign_PMax_1,2428.77
2025-04-21,Campaign_Generic_1,267.02
2025-04-21,Campaign_Generic_2,82.25
2025-04-21,Campaign_Search_Brand,1128.38
2025-04-21,Campaign_PMax_1,2687.86
2025-04-22,Campaign_Generic_1,259.03
2025-04-22,Campaign_Generic_2,89.22
2025-04-22,Campaign_Search_Brand,1308.24
2025-04-22,Campaign_PMax_1,2921.85
2025-04-23,Campaign_Generic_1,224.79
2025-04-23,Campaign_Generic_2,78.11
2025-04-23,Campaign_Search_Brand,1465.05
2025-04-23,Campaign_PMax_1,3155.73
2025-04-24,Campaign_Generic_1,236.06
2025-04-24,Campaign_Generic_2,65.16
2025-04-24,Campaign_Search_Brand,1347.6
2025-04-24,Campaign_PMax_1,2557.01
2025-04-25,Campaign_Generic_1,229.14
2025-04-25,Campaign_Generic_2,58.67
2025-04-25,Campaign_Search_Brand,1082.61
2025-04-25,Campaign_PMax_1,2770.01
2025-04-26,Campaign_Generic_1,246.94
2025-04-26,Campaign_Generic_2,125.71
2025-04-26,Campaign_Search_Brand,871.53
2025-04-26,Campaign_PMax_1,2944.09
2025-04-27,Campaign_Generic_1,199.06
2025-04-27,Campaign_Generic_2,100.16
2025-04-27,Campaign_Search_Brand,831.77
2025-04-27,Campaign_PMax_1,3031.17
2025-04-28,Campaign_Generic_1,276.5
2025-04-28,Campaign_Generic_2,72.87
2025-04-28,Campaign_Search_Brand,1179.73
2025-04-28,Campaign_PMax_1,2981.6
2025-04-29,Campaign_Generic_1,169.71
2025-04-29,Campaign_Generic_2,79.55
2025-04-29,Campaign_Search_Brand,1259.72
2025-04-29,Campaign_PMax_1,3676.89
2025-04-30,Campaign_Generic_1,169.27
2025-04-30,Campaign_Generic_2,66.55
2025-04-30,Campaign_Search_Brand,1272.37
2025-04-30,Campaign_PMax_1,3346.5
2025-05-01,Campaign_Generic_1,200.61
2025-05-01,Campaign_Generic_2,77.56
2025-05-01,Campaign_Search_Brand,834.41
2025-05-01,Campaign_PMax_1,3400.7
2025-05-02,Campaign_Generic_1,176.39
2025-05-02,Campaign_Generic_2,103.18
2025-05-02,Campaign_Search_Brand,1152.71
2025-05-02,Campaign_PMax_1,3403.89
2025-05-03,Campaign_Generic_1,216.01
2025-05-03,Campaign_Generic_2,93.51
2025-05-03,Campaign_Search_Brand,952.25
2025-05-03,Campaign_PMax_1,3505.32
2025-05-04,Campaign_Generic_1,215.89
2025-05-04,Campaign_Generic_2,101.09
2025-05-04,Campaign_Search_Brand,1133.62
2025-05-04,Campaign_PMax_1,3440.27
2025-05-05,Campaign_Generic_1,155.69
2025-05-05,Campaign_Generic_2,87.66
2025-05-05,Campaign_Search_Brand,1460.67
2025-05-05,Campaign_PMax_1,4080.69
2025-05-06,Campaign_Generic_1,199.35
2025-05-06,Campaign_Generic_2,101.1
2025-05-06,Campaign_Search_Brand,1553.44
2025-05-06,Campaign_PMax_1,4530.13
2025-05-07,Campaign_Generic_1,235.97
2025-05-07,Campaign_Generic_2,107.39
2025-05-07,Campaign_Search_Brand,1747.85
2025-05-07,Campaign_PMax_1,4711.12
2025-05-08,Campaign_Generic_1,176.56
2025-05-08,Campaign_Generic_2,83.51
2025-05-08,Campaign_Search_Brand,1769.19
2025-05-08,Campaign_PMax_1,4641.92
2025-05-09,Campaign_Generic_1,275.34
2025-05-09,Campaign_Generic_2,59.09
2025-05-09,Campaign_Search_Brand,1773.89
2025-05-09,Campaign_PMax_1,5123.71
2025-05-10,Campaign_Generic_1,248.37
2025-05-10,Campaign_Generic_2,89.87
2025-05-10,Campaign_Search_Brand,1395.49
2025-05-10,Campaign_PMax_1,5545.69
2025-05-11,Campaign_Generic_1,259.63
2025-05-11,Campaign_Generic_2,98.85
2025-05-11,Campaign_Search_Brand,1110.43
2025-05-11,Campaign_PMax_1,4540.47
2025-05-12,Campaign_Generic_1,202.48
2025-05-12,Campaign_Generic_2,118.13
2025-05-12,Campaign_Search_Brand,1775.5
2025-05-12,Campaign_PMax_1,5016.47
2025-05-13,Campaign_Generic_1,200.6
2025-05-13,Campaign_Generic_2,110.6
2025-05-13,Campaign_Search_Brand,1810.94
2025-05-13,Campaign_PMax_1,4582.08
2025-05-14,Campaign_Generic_1,337.47
2025-05-14,Campaign_Generic_2,136.28
2025-05-14,Campaign_Search_Brand,1576.78
2025-05-14,Campaign_PMax_1,4136.0
2025-05-15,Campaign_Generic_1,305.28
2025-05-15,Campaign_Generic_2,121.09
2025-05-15,Campaign_Search_Brand,1427.52
2025-05-15,Campaign_PMax_1,3614.88
2025-05-16,Campaign_Generic_1,232.05
2025-05-16,Campaign_Generic_2,93.09
2025-05-16,Campaign_Search_Brand,1409.22
2025-05-16,Campaign_PMax_1,3004.93
2025-05-17,Campaign_Generic_1,245.65
2025-05-17,Campaign_Generic_2,70.99
2025-05-17,Campaign_Search_Brand,1271.39
2025-05-17,Campaign_PMax_1,2851.22
2025-05-18,Campaign_Generic_1,241.95
2025-05-18,Campaign_Generic_2,105.68
2025-05-18,Campaign_Search_Brand,1365.24
2025-05-18,Campaign_PMax_1,3022.24
2025-05-19,Campaign_Generic_1,220.96
2025-05-19,Campaign_Generic_2,75.77
2025-05-19,Campaign_Search_Brand,1513.64
2025-05-19,Campaign_PMax_1,2793.05
2025-05-20,Campaign_Generic_1,244.91
2025-05-20,Campaign_Generic_2,98.94
2025-05-20,Campaign_Search_Brand,1432.0
2025-05-20,Campaign_PMax_1,2741.31
2025-05-21,Campaign_Generic_1,219.18
2025-05-21,Campaign_Generic_2,85.8
2025-05-21,Campaign_Search_Brand,1197.52
2025-05-21,Campaign_PMax_1,2506.01
2025-05-22,Campaign_Generic_1,161.63
2025-05-22,Campaign_Generic_2,76.38
2025-05-22,Campaign_Search_Brand,1151.3
2025-05-22,Campaign_PMax_1,2284.76
2025-05-23,Campaign_Generic_1,158.34
2025-05-23,Campaign_Generic_2,79.58
2025-05-23,Campaign_Search_Brand,1216.4
2025-05-23,Campaign_PMax_1,2651.61
2025-05-24,Campaign_Generic_1,163.01
2025-05-24,Campaign_Generic_2,75.25
2025-05-24,Campaign_Search_Brand,1071.26
2025-05-24,Campaign_PMax_1,2726.59
2025-05-25,Campaign_Generic_1,211.23
2025-05-25,Campaign_Generic_2,82.04
2025-05-25,Campaign_Search_Brand,1278.15
2025-05-25,Campaign_PMax_1,2652.51
2025-05-26,Campaign_Generic_1,177.64
2025-05-26,Campaign_Generic_2,73.77
2025-05-26,Campaign_Search_Brand,1520.11
2025-05-26,Campaign_PMax_1,2251.9
2025-05-27,Campaign_Generic_1,166.78
2025-05-27,Campaign_Generic_2,85.32
2025-05-27,Campaign_Search_Brand,1294.03
2025-05-27,Campaign_PMax_1,1953.38
2025-05-28,Campaign_Generic_1,172.53
2025-05-28,Campaign_Generic_2,95.27
2025-05-28,Campaign_Search_Brand,1644.56
2025-05-28,Campaign_PMax_1,2336.26
2025-05-29,Campaign_Generic_1,174.46
2025-05-29,Campaign_Generic_2,118.64
2025-05-29,Campaign_Search_Brand,1538.81
2025-05-29,Campaign_PMax_1,2645.97
2025-05-29,Campaign_PMax_2,100.16
2025-05-30,Campaign_Generic_1,142.95
2025-05-30,Campaign_Generic_2,99.15
2025-05-30,Campaign_Search_Brand,1492.51
2025-05-30,Campaign_PMax_1,4432.46
2025-05-30,Campaign_PMax_2,494.06
2025-05-31,Campaign_Generic_1,326.3
2025-05-31,Campaign_Generic_2,128.0
2025-05-31,Campaign_Search_Brand,1416.23
2025-05-31,Campaign_PMax_1,2836.0
2025-05-31,Campaign_PMax_2,644.75
2025-06-01,Campaign_Generic_1,290.64
2025-06-01,Campaign_Generic_2,140.43
2025-06-01,Campaign_Search_Brand,1581.87
2025-06-01,Campaign_PMax_1,2860.93
2025-06-01,Campaign_PMax_2,621.71
2025-06-02,Campaign_Generic_1,263.14
2025-06-02,Campaign_Generic_2,130.41
2025-06-02,Campaign_Search_Brand,1783.37
2025-06-02,Campaign_PMax_1,3195.4
2025-06-03,Campaign_Generic_1,276.49
2025-06-03,Campaign_Generic_2,123.34
2025-06-03,Campaign_Search_Brand,1948.66
2025-06-03,Campaign_PMax_1,2590.13
2025-06-04,Campaign_Generic_1,286.89
2025-06-04,Campaign_Generic_2,100.13
2025-06-04,Campaign_Search_Brand,1742.05
2025-06-04,Campaign_PMax_1,2947.58
2025-06-05,Campaign_Generic_1,316.3
2025-06-05,Campaign_Generic_2,110.7
2025-06-05,Campaign_Search_Brand,1780.7
2025-06-05,Campaign_PMax_1,3096.5
2025-06-06,Campaign_Generic_1,249.28
2025-06-06,Campaign_Generic_2,109.32
2025-06-06,Campaign_Search_Brand,2083.15
2025-06-06,Campaign_PMax_1,2967.04
2025-06-07,Campaign_Generic_1,305.1
2025-06-07,Campaign_Generic_2,101.54
2025-06-07,Campaign_Search_Brand,1572.86
2025-06-07,Campaign_PMax_1,2799.46
2025-06-08,Campaign_Generic_1,338.93
2025-06-08,Campaign_Generic_2,141.81
2025-06-08,Campaign_Search_Brand,1618.27
2025-06-08,Campaign_PMax_1,2835.48
2025-06-09,Campaign_Generic_1,492.79
2025-06-09,Campaign_Generic_2,112.4
2025-06-09,Campaign_Search_Brand,2995.47
2025-06-09,Campaign_PMax_1,2919.28
2025-06-09,Campaign_Shopping_1,131.51
2025-06-10,Campaign_Generic_1,306.31
2025-06-10,Campaign_Generic_2,102.25
2025-06-10,Campaign_Search_Brand,2424.91
2025-06-10,Campaign_PMax_1,2726.05
2025-06-10,Campaign_Shopping_1,164.19
2025-06-11,Campaign_Generic_1,435.03
2025-06-11,Campaign_Generic_2,110.09
2025-06-11,Campaign_Search_Brand,2258.28
2025-06-11,Campaign_PMax_1,2410.12
2025-06-11,Campaign_Shopping_1,162.37
2025-06-12,Campaign_Generic_1,467.11
2025-06-12,Campaign_Generic_2,96.84
2025-06-12,Campaign_Search_Brand,3358.74
2025-06-12,Campaign_PMax_1,2140.57
2025-06-12,Campaign_PMax_2,1103.61
2025-06-12,Campaign_Shopping_1,161.88
2025-06-13,Campaign_Generic_1,283.43
2025-06-13,Campaign_Generic_2,90.3
2025-06-13,Campaign_Search_Brand,1619.84
2025-06-13,Campaign_PMax_1,2469.93
2025-06-13,Campaign_PMax_2,803.85
2025-06-13,Campaign_Shopping_1,160.41
2025-06-14,Campaign_Generic_1,182.4
2025-06-14,Campaign_Generic_2,78.71
2025-06-14,Campaign_Search_Brand,1215.66
2025-06-14,Campaign_PMax_1,2938.65
2025-06-14,Campaign_PMax_2,333.5
2025-06-14,Campaign_Shopping_1,169.71
2025-06-15,Campaign_Generic_1,340.73
2025-06-15,Campaign_Generic_2,174.3
2025-06-15,Campaign_Search_Brand,1466.27
2025-06-15,Campaign_PMax_1,2481.94
2025-06-15,Campaign_PMax_2,330.34
2025-06-15,Campaign_Shopping_1,181.17
2025-06-16,Campaign_Generic_1,215.63
2025-06-16,Campaign_Generic_2,103.67
2025-06-16,Campaign_Search_Brand,1672.66
2025-06-16,Campaign_PMax_1,2580.11
2025-06-16,Campaign_PMax_2,277.21
2025-06-16,Campaign_Shopping_1,161.07
2025-06-17,Campaign_Generic_1,364.9
2025-06-17,Campaign_Generic_2,108.12
2025-06-17,Campaign_Search_Brand,1425.16
2025-06-17,Campaign_PMax_1,2434.34
2025-06-17,Campaign_PMax_2,276.6
2025-06-17,Campaign_Shopping_1,169.41
2025-06-18,Campaign_Generic_1,240.1
2025-06-18,Campaign_Generic_2,90.84
2025-06-18,Campaign_Search_Brand,1425.15
2025-06-18,Campaign_PMax_1,2225.16
2025-06-18,Campaign_PMax_2,237.75
2025-06-18,Campaign_Shopping_1,194.39
2025-06-19,Campaign_Generic_1,203.76
2025-06-19,Campaign_Generic_2,91.62
2025-06-19,Campaign_Search_Brand,1366.29
2025-06-19,Campaign_PMax_1,2877.21
2025-06-19,Campaign_PMax_2,489.79
2025-06-19,Campaign_Shopping_1,177.98
2025-06-20,Campaign_Generic_1,215.11
2025-06-20,Campaign_Generic_2,92.94
2025-06-20,Campaign_Search_Brand,1179.16
2025-06-20,Campaign_PMax_1,2162.59
2025-06-20,Campaign_PMax_2,204.71
2025-06-20,Campaign_Shopping_1,167.42
2025-06-21,Campaign_Generic_1,203.81
2025-06-21,Campaign_Generic_2,93.2
2025-06-21,Campaign_Search_Brand,1083.84
2025-06-21,Campaign_PMax_1,2548.05
2025-06-21,Campaign_PMax_2,283.1
2025-06-21,Campaign_Shopping_1,147.87
2025-06-22,Campaign_Generic_1,199.37
2025-06-22,Campaign_Generic_2,121.51
2025-06-22,Campaign_Search_Brand,1313.01
2025-06-22,Campaign_PMax_1,2640.32
2025-06-22,Campaign_PMax_2,479.11
2025-06-22,Campaign_Shopping_1,184.71
2025-06-23,Campaign_Generic_1,270.62
2025-06-23,Campaign_Generic_2,124.15
2025-06-23,Campaign_Search_Brand,1493.16
2025-06-23,Campaign_PMax_1,2724.1
2025-06-23,Campaign_PMax_2,295.82
2025-06-23,Campaign_Shopping_1,190.19
2025-06-24,Campaign_Generic_1,179.99
2025-06-24,Campaign_Generic_2,115.68
2025-06-24,Campaign_Search_Brand,1491.04
2025-06-24,Campaign_PMax_1,3039.27
2025-06-24,Campaign_PMax_2,170.82
2025-06-24,Campaign_Shopping_1,172.9
2025-06-25,Campaign_Generic_1,213.33
2025-06-25,Campaign_Generic_2,76.08
2025-06-25,Campaign_Search_Brand,1499.65
2025-06-25,Campaign_PMax_1,3636.24
2025-06-25,Campaign_PMax_2,455.46
2025-06-25,Campaign_Shopping_1,181.33
2025-06-26,Campaign_Generic_1,227.81
2025-06-26,Campaign_Generic_2,98.02
2025-06-26,Campaign_Search_Brand,2006.08
2025-06-26,Campaign_PMax_1,3863.25
2025-06-26,Campaign_PMax_2,347.61
2025-06-26,Campaign_Shopping_1,193.9
2025-06-27,Campaign_Generic_1,157.5
2025-06-27,Campaign_Generic_2,89.25
2025-06-27,Campaign_Search_Brand,1468.89
2025-06-27,Campaign_PMax_1,3393.09
2025-06-27,Campaign_PMax_2,315.8
2025-06-27,Campaign_Shopping_1,186.83
2025-06-28,Campaign_Generic_1,183.76
2025-06-28,Campaign_Generic_2,107.9
2025-06-28,Campaign_Search_Brand,1267.43
2025-06-28,Campaign_PMax_1,3644.02
2025-06-28,Campaign_PMax_2,503.33
2025-06-28,Campaign_Shopping_1,190.94
2025-06-29,Campaign_Generic_1,320.69
2025-06-29,Campaign_Generic_2,119.07
2025-06-29,Campaign_Search_Brand,1368.92
2025-06-29,Campaign_PMax_1,3322.05
2025-06-29,Campaign_PMax_2,368.65
2025-06-29,Campaign_Shopping_1,198.77
2025-06-30,Campaign_Generic_1,375.03
2025-06-30,Campaign_Generic_2,84.53
2025-06-30,Campaign_Search_Brand,1738.34
2025-06-30,Campaign_PMax_1,3232.11
2025-06-30,Campaign_PMax_2,357.13
2025-06-30,Campaign_Shopping_1,180.1
2025-07-01,Campaign_Generic_1,223.29
2025-07-01,Campaign_Generic_2,101.08
2025-07-01,Campaign_Search_Brand,1443.56
2025-07-01,Campaign_PMax_1,3518.04
2025-07-01,Campaign_PMax_2,303.7
2025-07-01,Campaign_Shopping_1,362.07
2025-07-02,Campaign_Generic_1,227.3
2025-07-02,Campaign_Generic_2,133.91
2025-07-02,Campaign_Search_Brand,1513.24
2025-07-02,Campaign_PMax_1,3421.14
2025-07-02,Campaign_PMax_2,409.78
2025-07-02,Campaign_Shopping_1,344.83
2025-07-03,Campaign_Generic_1,338.94
2025-07-03,Campaign_Generic_2,114.07
2025-07-03,Campaign_Search_Brand,1675.18
2025-07-03,Campaign_PMax_1,2873.88
2025-07-03,Campaign_PMax_2,295.76
2025-07-03,Campaign_Shopping_1,269.21
2025-07-04,Campaign_Generic_1,270.92
2025-07-04,Campaign_Generic_2,139.31
2025-07-04,Campaign_Search_Brand,1712.49
2025-07-04,Campaign_PMax_1,2935.83
2025-07-04,Campaign_PMax_2,235.16
2025-07-04,Campaign_Shopping_1,272.8
2025-07-05,Campaign_Generic_1,275.11
2025-07-05,Campaign_Generic_2,139.21
2025-07-05,Campaign_Search_Brand,1636.49
2025-07-05,Campaign_PMax_1,3633.35
2025-07-05,Campaign_PMax_2,386.56
2025-07-05,Campaign_Shopping_1,264.59
2025-07-06,Campaign_Generic_1,397.21
2025-07-06,Campaign_Generic_2,113.59
2025-07-06,Campaign_Search_Brand,2106.12
2025-07-06,Campaign_PMax_1,3611.55
2025-07-06,Campaign_PMax_2,334.03
2025-07-06,Campaign_Shopping_1,297.02
2025-07-07,Campaign_Generic_1,364.78
2025-07-07,Campaign_Generic_2,117.47
2025-07-07,Campaign_Search_Brand,2927.18
2025-07-07,Campaign_PMax_1,3535.72
2025-07-07,Campaign_PMax_2,308.78
2025-07-07,Campaign_Shopping_1,286.73
2025-07-08,Campaign_Generic_1,411.28
2025-07-08,Campaign_Generic_2,126.48
2025-07-08,Campaign_Search_Brand,2566.96
2025-07-08,Campaign_PMax_1,3105.57
2025-07-08,Campaign_PMax_2,258.7
2025-07-08,Campaign_Shopping_1,284.51
2025-07-09,Campaign_Generic_1,428.91
2025-07-09,Campaign_Generic_2,154.82
2025-07-09,Campaign_Search_Brand,2066.1
2025-07-09,Campaign_PMax_1,3640.5
2025-07-09,Campaign_PMax_2,373.95
2025-07-09,Campaign_Shopping_1,304.08
2025-07-10,Campaign_Generic_1,368.91
2025-07-10,Campaign_Generic_2,202.94
2025-07-10,Campaign_Search_Brand,2100.57
2025-07-10,Campaign_PMax_1,3253.97
2025-07-10,Campaign_PMax_2,251.51
2025-07-10,Campaign_Shopping_1,274.36
2025-07-11,Campaign_Generic_1,274.8
2025-07-11,Campaign_Generic_2,130.47
2025-07-11,Campaign_Search_Brand,2147.55
2025-07-11,Campaign_PMax_1,3179.42
2025-07-11,Campaign_PMax_2,286.0
2025-07-11,Campaign_Shopping_1,328.99
2025-07-12,Campaign_Generic_1,217.18
2025-07-12,Campaign_Generic_2,163.22
2025-07-12,Campaign_Search_Brand,1879.18
2025-07-12,Campaign_PMax_1,4956.66
2025-07-12,Campaign_PMax_2,443.6
2025-07-12,Campaign_Shopping_1,339.41
2025-07-13,Campaign_Generic_1,361.57
2025-07-13,Campaign_Generic_2,147.64
2025-07-13,Campaign_Search_Brand,2699.64
2025-07-13,Campaign_PMax_1,4139.43
2025-07-13,Campaign_PMax_2,391.8
2025-07-13,Campaign_Shopping_1,356.97
2025-07-14,Campaign_Generic_1,309.79
2025-07-14,Campaign_Generic_2,141.55
2025-07-14,Campaign_Search_Brand,2767.62
2025-07-14,Campaign_PMax_1,4062.97
2025-07-14,Campaign_PMax_2,375.62
2025-07-14,Campaign_Shopping_1,340.47
2025-07-15,Campaign_Generic_1,309.67
2025-07-15,Campaign_Generic_2,112.46
2025-07-15,Campaign_Search_Brand,2436.04
2025-07-15,Campaign_PMax_1,4000.38
2025-07-15,Campaign_PMax_2,398.0
2025-07-15,Campaign_Shopping_1,397.49
2025-07-16,Campaign_Generic_1,414.51
2025-07-16,Campaign_Generic_2,165.16
2025-07-16,Campaign_Search_Brand,3269.6
2025-07-16,Campaign_PMax_1,3178.02
2025-07-16,Campaign_PMax_2,444.41
2025-07-16,Campaign_Shopping_1,328.97
2025-07-17,Campaign_Generic_1,328.37
2025-07-17,Campaign_Generic_2,134.02
2025-07-17,Campaign_Search_Brand,3017.22
2025-07-17,Campaign_PMax_1,3198.99
2025-07-17,Campaign_PMax_2,437.74
2025-07-17,Campaign_Shopping_1,319.73
2025-07-18,Campaign_Generic_1,295.78
2025-07-18,Campaign_Generic_2,122.52
2025-07-18,Campaign_Search_Brand,1601.18
2025-07-18,Campaign_PMax_1,2078.0
2025-07-18,Campaign_Shopping_1,246.61
2025-07-19,Campaign_Generic_1,284.14
2025-07-19,Campaign_Generic_2,100.19
2025-07-19,Campaign_Search_Brand,1018.63
2025-07-19,Campaign_PMax_1,1610.9
2025-07-19,Campaign_Shopping_1,189.99
2025-07-20,Campaign_Generic_1,316.72
2025-07-20,Campaign_Generic_2,129.4
2025-07-20,Campaign_Search_Brand,932.35
2025-07-20,Campaign_PMax_1,1770.71
2025-07-20,Campaign_Shopping_1,215.73
2025-07-21,Campaign_Generic_1,255.89
2025-07-21,Campaign_Generic_2,127.8
2025-07-21,Campaign_Search_Brand,934.34
2025-07-21,Campaign_PMax_1,1368.07
2025-07-21,Campaign_Shopping_1,164.34
2025-07-22,Campaign_Generic_1,242.85
2025-07-22,Campaign_Generic_2,182.9
2025-07-22,Campaign_Search_Brand,1037.33
2025-07-22,Campaign_PMax_1,1266.35
2025-07-22,Campaign_Shopping_1,175.72
2025-07-23,Campaign_Generic_1,233.47
2025-07-23,Campaign_Generic_2,207.8
2025-07-23,Campaign_Search_Brand,1129.3
2025-07-23,Campaign_PMax_1,1335.32
2025-07-23,Campaign_Shopping_1,161.42
2025-07-24,Campaign_Generic_1,223.74
2025-07-24,Campaign_Generic_2,146.31
2025-07-24,Campaign_Search_Brand,1161.53
2025-07-24,Campaign_PMax_1,996.29
2025-07-24,Campaign_PMax_2,1004.97
2025-07-24,Campaign_Shopping_1,147.96
2025-07-25,Campaign_Generic_1,228.04
2025-07-25,Campaign_Generic_2,103.42
2025-07-25,Campaign_Search_Brand,1141.41
2025-07-25,Campaign_PMax_1,788.18
2025-07-25,Campaign_PMax_2,973.26
2025-07-25,Campaign_Shopping_1,150.05
2025-07-26,Campaign_Generic_1,206.78
2025-07-26,Campaign_Generic_2,154.0
2025-07-26,Campaign_Search_Brand,1231.23
2025-07-26,Campaign_PMax_1,800.21
2025-07-26,Campaign_PMax_2,950.63
2025-07-26,Campaign_Shopping_1,139.64
2025-07-27,Campaign_Generic_1,235.03
2025-07-27,Campaign_Generic_2,161.58
2025-07-27,Campaign_Search_Brand,1221.25
2025-07-27,Campaign_PMax_1,855.83
2025-07-27,Campaign_PMax_2,948.53
2025-07-27,Campaign_Shopping_1,145.99
2025-07-28,Campaign_Generic_1,156.3
2025-07-28,Campaign_Generic_2,136.11
2025-07-28,Campaign_Search_Brand,865.92
2025-07-28,Campaign_PMax_1,813.87
2025-07-28,Campaign_PMax_2,662.57
2025-07-28,Campaign_Shopping_1,148.97
2025-07-29,Campaign_Generic_1,148.72
2025-07-29,Campaign_Generic_2,154.06
2025-07-29,Campaign_Search_Brand,1017.53
2025-07-29,Campaign_PMax_1,829.93
2025-07-29,Campaign_PMax_2,441.36
2025-07-29,Campaign_Shopping_1,173.03
2025-07-30,Campaign_Generic_1,168.04
2025-07-30,Campaign_Generic_2,126.13
2025-07-30,Campaign_Search_Brand,1125.88
2025-07-30,Campaign_PMax_1,941.59
2025-07-30,Campaign_PMax_2,381.41
2025-07-30,Campaign_Shopping_1,360.47
2025-07-31,Campaign_Generic_1,165.46
2025-07-31,Campaign_Generic_2,124.43
2025-07-31,Campaign_Search_Brand,1051.96
2025-07-31,Campaign_PMax_1,1159.31
2025-07-31,Campaign_PMax_2,771.72
2025-07-31,Campaign_Shopping_1,342.77
2025-08-01,Campaign_Generic_1,170.19
2025-08-01,Campaign_Generic_2,89.25
2025-08-01,Campaign_Search_Brand,985.03
2025-08-01,Campaign_PMax_1,1176.47
2025-08-01,Campaign_PMax_2,468.66
2025-08-01,Campaign_Shopping_1,280.62
2025-08-02,Campaign_Generic_1,170.71
2025-08-02,Campaign_Generic_2,122.98
2025-08-02,Campaign_Search_Brand,921.29
2025-08-02,Campaign_PMax_1,1526.17
2025-08-02,Campaign_PMax_2,474.95
2025-08-02,Campaign_Shopping_1,274.95
2025-08-03,Campaign_Generic_1,180.5
2025-08-03,Campaign_Generic_2,159.32
2025-08-03,Campaign_Search_Brand,981.94
2025-08-03,Campaign_PMax_1,1541.75
2025-08-03,Campaign_PMax_2,580.2
2025-08-03,Campaign_Shopping_1,289.87
2025-08-04,Campaign_Generic_1,227.46
2025-08-04,Campaign_Generic_2,111.11
2025-08-04,Campaign_Search_Brand,1611.45
2025-08-04,Campaign_PMax_1,1725.14
2025-08-04,Campaign_PMax_2,719.87
2025-08-04,Campaign_Shopping_1,409.72
2025-08-05,Campaign_Generic_1,310.68
2025-08-05,Campaign_Generic_2,131.51
2025-08-05,Campaign_Search_Brand,1690.62
2025-08-05,Campaign_PMax_1,1881.41
2025-08-05,Campaign_PMax_2,823.19
2025-08-05,Campaign_Shopping_1,592.75
2025-08-06,Campaign_Generic_1,321.25
2025-08-06,Campaign_Generic_2,130.81
2025-08-06,Campaign_Search_Brand,985.02
2025-08-06,Campaign_PMax_1,2191.45
2025-08-06,Campaign_PMax_2,728.58
2025-08-06,Campaign_Shopping_1,635.22
2025-08-07,Campaign_Generic_1,307.15
2025-08-07,Campaign_Generic_2,141.45
2025-08-07,Campaign_Search_Brand,1051.13
2025-08-07,Campaign_PMax_1,1933.26
2025-08-07,Campaign_PMax_2,740.31
2025-08-07,Campaign_Shopping_1,602.0
2025-08-08,Campaign_Generic_1,324.26
2025-08-08,Campaign_Generic_2,164.35
2025-08-08,Campaign_Search_Brand,941.94
2025-08-08,Campaign_PMax_1,1259.73
2025-08-08,Campaign_PMax_2,410.86
2025-08-08,Campaign_Shopping_1,422.56
2025-08-09,Campaign_Generic_1,309.22
2025-08-09,Campaign_Generic_2,162.76
2025-08-09,Campaign_Search_Brand,695.14
2025-08-09,Campaign_PMax_1,1196.52
2025-08-09,Campaign_PMax_2,394.18
2025-08-09,Campaign_Shopping_1,399.72
2025-08-10,Campaign_Generic_1,351.49
2025-08-10,Campaign_Generic_2,147.53
2025-08-10,Campaign_Search_Brand,671.57
2025-08-10,Campaign_PMax_1,1197.11
2025-08-10,Campaign_PMax_2,340.5
2025-08-10,Campaign_Shopping_1,433.44
2025-08-11,Campaign_Generic_1,641.31
2025-08-11,Campaign_Generic_2,345.03
2025-08-11,Campaign_Search_Brand,1088.89
2025-08-11,Campaign_PMax_1,3704.57
2025-08-11,Campaign_Shopping_1,718.0
2025-08-12,Campaign_Generic_1,409.15
2025-08-12,Campaign_Generic_2,177.04
2025-08-12,Campaign_Search_Brand,998.96
2025-08-12,Campaign_PMax_1,585.15
2025-08-12,Campaign_Shopping_1,772.16
2025-08-13,Campaign_Generic_1,422.93
2025-08-13,Campaign_Generic_2,155.87
2025-08-13,Campaign_Search_Brand,992.4
2025-08-13,Campaign_PMax_1,981.22
2025-08-13,Campaign_Shopping_1,420.01
2025-08-14,Campaign_Generic_1,421.33
2025-08-14,Campaign_Generic_2,105.97
2025-08-14,Campaign_Search_Brand,911.05
2025-08-14,Campaign_PMax_1,897.81
2025-08-14,Campaign_Shopping_1,464.59
2025-08-15,Campaign_Generic_1,438.52
2025-08-15,Campaign_Generic_2,147.33
2025-08-15,Campaign_Search_Brand,887.39
2025-08-15,Campaign_PMax_1,1185.31
2025-08-15,Campaign_Shopping_1,484.44
2025-08-16,Campaign_Generic_1,411.64
2025-08-16,Campaign_Generic_2,85.51
2025-08-16,Campaign_Search_Brand,552.67
2025-08-16,Campaign_PMax_1,1074.31
2025-08-16,Campaign_Shopping_1,490.87
2025-08-17,Campaign_Generic_1,427.13
2025-08-17,Campaign_Generic_2,150.28
2025-08-17,Campaign_Search_Brand,610.27
2025-08-17,Campaign_PMax_1,1514.94
2025-08-17,Campaign_Shopping_1,482.53
2025-08-18,Campaign_Generic_1,451.74
2025-08-18,Campaign_Generic_2,184.6
2025-08-18,Campaign_Search_Brand,886.67
2025-08-18,Campaign_PMax_1,1165.91
2025-08-18,Campaign_Shopping_1,521.97
2025-08-19,Campaign_Generic_1,460.15
2025-08-19,Campaign_Generic_2,168.71
2025-08-19,Campaign_Search_Brand,770.49
2025-08-19,Campaign_PMax_1,1231.96
2025-08-19,Campaign_Shopping_1,546.76
2025-08-20,Campaign_Generic_1,816.85
2025-08-20,Campaign_Generic_2,170.28
2025-08-20,Campaign_Search_Brand,1272.9
2025-08-20,Campaign_PMax_1,3486.5
2025-08-20,Campaign_Shopping_1,1489.12
2025-08-21,Campaign_Generic_1,781.88
2025-08-21,Campaign_Generic_2,150.9
2025-08-21,Campaign_Search_Brand,1202.69
2025-08-21,Campaign_PMax_1,2500.12
2025-08-21,Campaign_PMax_2,2627.64
2025-08-21,Campaign_Shopping_1,1483.17
2025-08-22,Campaign_Generic_1,679.59
2025-08-22,Campaign_Generic_2,106.42
2025-08-22,Campaign_Search_Brand,1126.23
2025-08-22,Campaign_PMax_1,1218.14
2025-08-22,Campaign_PMax_2,2502.79
2025-08-22,Campaign_Shopping_1,432.7
2025-08-23,Campaign_Generic_1,366.28
2025-08-23,Campaign_Generic_2,169.07
2025-08-23,Campaign_Search_Brand,797.33
2025-08-23,Campaign_PMax_1,1904.55
2025-08-23,Campaign_PMax_2,2816.58
2025-08-23,Campaign_Shopping_1,457.11
2025-08-24,Campaign_Generic_1,676.89
2025-08-24,Campaign_Generic_2,174.82
2025-08-24,Campaign_Search_Brand,718.24
2025-08-24,Campaign_PMax_1,2031.21
2025-08-24,Campaign_PMax_2,1526.84
2025-08-24,Campaign_Shopping_1,791.43
2025-08-25,Campaign_Generic_1,509.42
2025-08-25,Campaign_Generic_2,119.83
2025-08-25,Campaign_Search_Brand,856.02
2025-08-25,Campaign_PMax_1,1930.69
2025-08-25,Campaign_PMax_2,1375.39
2025-08-25,Campaign_Shopping_1,666.75
2025-08-26,Campaign_Generic_1,444.84
2025-08-26,Campaign_Generic_2,122.66
2025-08-26,Campaign_Search_Brand,849.62
2025-08-26,Campaign_PMax_1,2910.41
2025-08-26,Campaign_PMax_2,1046.94
2025-08-26,Campaign_Shopping_1,882.27
2025-08-27,Campaign_Generic_1,466.16
2025-08-27,Campaign_Generic_2,128.62
2025-08-27,Campaign_Search_Brand,1191.13
2025-08-27,Campaign_PMax_1,1989.04
2025-08-27,Campaign_PMax_2,818.13
2025-08-27,Campaign_Shopping_1,790.85
2025-08-28,Campaign_Generic_1,550.4
2025-08-28,Campaign_Generic_2,138.35
2025-08-28,Campaign_Search_Brand,1270.96
2025-08-28,Campaign_PMax_1,1684.57
2025-08-28,Campaign_PMax_2,465.47
2025-08-28,Campaign_Shopping_1,661.02
2025-08-29,Campaign_Generic_1,482.65
2025-08-29,Campaign_Generic_2,143.61
2025-08-29,Campaign_Search_Brand,1217.08
2025-08-29,Campaign_PMax_1,1658.26
2025-08-29,Campaign_PMax_2,696.95
2025-08-29,Campaign_Shopping_1,641.33
2025-08-30,Campaign_Generic_1,593.13
2025-08-30,Campaign_Generic_2,100.11
2025-08-30,Campaign_Search_Brand,1148.56
2025-08-30,Campaign_PMax_1,1750.9
2025-08-30,Campaign_PMax_2,918.42
2025-08-30,Campaign_Shopping_1,870.22
2025-08-31,Campaign_Generic_1,758.3
2025-08-31,Campaign_Generic_2,152.29
2025-08-31,Campaign_Search_Brand,1081.75
2025-08-31,Campaign_PMax_1,1649.25
2025-08-31,Campaign_PMax_2,595.06
2025-08-31,Campaign_Shopping_1,350.99
2025-09-01,Campaign_Generic_1,815.77
2025-09-01,Campaign_Generic_2,171.73
2025-09-01,Campaign_Search_Brand,669.04
2025-09-01,Campaign_PMax_1,2281.27
2025-09-01,Campaign_Shopping_1,1265.02
2025-09-02,Campaign_Generic_1,828.86
2025-09-02,Campaign_Generic_2,218.97
2025-09-02,Campaign_Search_Brand,658.12
2025-09-02,Campaign_PMax_1,1551.76
2025-09-02,Campaign_Shopping_1,1295.1
2025-09-03,Campaign_Generic_1,658.41
2025-09-03,Campaign_Generic_2,198.36
2025-09-03,Campaign_Search_Brand,706.57
2025-09-03,Campaign_PMax_1,2038.75
2025-09-03,Campaign_Shopping_1,1579.59
2025-09-04,Campaign_Generic_1,607.49
2025-09-04,Campaign_Generic_2,202.64
2025-09-04,Campaign_Search_Brand,804.1
2025-09-04,Campaign_PMax_1,2267.48
2025-09-04,Campaign_PMax_2,724.93
2025-09-04,Campaign_Shopping_1,1196.67
2025-09-05,Campaign_Generic_1,544.7
2025-09-05,Campaign_Generic_2,166.23
2025-09-05,Campaign_Search_Brand,2493.33
2025-09-05,Campaign_PMax_1,1219.94
2025-09-05,Campaign_PMax_2,777.82
2025-09-05,Campaign_Shopping_1,692.08
2025-09-06,Campaign_Generic_1,552.32
2025-09-06,Campaign_Generic_2,216.91
2025-09-06,Campaign_Search_Brand,2813.54
2025-09-06,Campaign_PMax_1,1338.55
2025-09-06,Campaign_PMax_2,783.0
2025-09-06,Campaign_Shopping_1,641.03
2025-09-07,Campaign_Generic_1,446.79
2025-09-07,Campaign_Generic_2,209.5
2025-09-07,Campaign_Search_Brand,2406.09
2025-09-07,Campaign_PMax_1,1820.84
2025-09-07,Campaign_PMax_2,691.78
2025-09-07,Campaign_Shopping_1,1019.73
2025-09-08,Campaign_Generic_1,514.3
2025-09-08,Campaign_Generic_2,214.33
2025-09-08,Campaign_Search_Brand,3175.48
2025-09-08,Campaign_PMax_1,2825.72
2025-09-08,Campaign_PMax_2,788.31
2025-09-08,Campaign_Shopping_1,1397.11
2025-09-09,Campaign_Generic_1,686.38
2025-09-09,Campaign_Generic_2,151.15
2025-09-09,Campaign_Search_Brand,1917.41
2025-09-09,Campaign_PMax_1,3908.22
2025-09-09,Campaign_PMax_2,1418.5
2025-09-09,Campaign_Shopping_1,1956.63
2025-09-10,Campaign_Generic_1,901.06
2025-09-10,Campaign_Generic_2,285.36
2025-09-10,Campaign_Search_Brand,1390.74
2025-09-10,Campaign_PMax_1,4114.46
2025-09-10,Campaign_PMax_2,1028.98
2025-09-10,Campaign_Shopping_1,1449.25
2025-09-11,Campaign_Generic_1,975.19
2025-09-11,Campaign_Generic_2,177.81
2025-09-11,Campaign_Search_Brand,1954.34
2025-09-11,Campaign_PMax_1,1479.11
2025-09-11,Campaign_PMax_2,2679.26
2025-09-11,Campaign_Shopping_1,431.6
2025-09-12,Campaign_Generic_1,951.88
2025-09-12,Campaign_Generic_2,148.7
2025-09-12,Campaign_Search_Brand,1668.44
2025-09-12,Campaign_PMax_1,455.3
2025-09-12,Campaign_PMax_2,3146.03
2025-09-12,Campaign_Shopping_1,114.64
2025-09-13,Campaign_Generic_1,1137.23
2025-09-13,Campaign_Generic_2,132.12
2025-09-13,Campaign_Search_Brand,1303.09
2025-09-13,Campaign_PMax_1,541.41
2025-09-13,Campaign_PMax_2,3456.21
2025-09-13,Campaign_Shopping_1,152.21
2025-09-14,Campaign_Generic_1,723.37
2025-09-14,Campaign_Generic_2,144.33
2025-09-14,Campaign_Search_Brand,1258.08
2025-09-14,Campaign_PMax_1,607.31
2025-09-14,Campaign_PMax_2,3279.22
2025-09-14,Campaign_Shopping_1,208.63
2025-09-15,Campaign_Generic_1,973.04
2025-09-15,Campaign_Generic_2,235.46
2025-09-15,Campaign_Search_Brand,1709.25
2025-09-15,Campaign_PMax_1,751.68
2025-09-15,Campaign_PMax_2,3703.29
2025-09-15,Campaign_Shopping_1,197.53
2025-09-16,Campaign_Generic_1,1273.7
2025-09-16,Campaign_Generic_2,301.04
2025-09-16,Campaign_Search_Brand,1064.81
2025-09-16,Campaign_PMax_1,3488.09
2025-09-16,Campaign_PMax_2,2937.61
2025-09-16,Campaign_Shopping_1,1146.39
2025-09-17,Campaign_Generic_1,839.42
2025-09-17,Campaign_Generic_2,222.99
2025-09-17,Campaign_Search_Brand,1100.58
2025-09-17,Campaign_PMax_1,2006.91
2025-09-17,Campaign_PMax_2,4096.38
2025-09-17,Campaign_Shopping_1,918.26
2025-09-18,Campaign_Generic_1,845.08
2025-09-18,Campaign_Generic_2,275.34
2025-09-18,Campaign_Search_Brand,1033.22
2025-09-18,Campaign_PMax_1,717.78
2025-09-18,Campaign_PMax_2,2549.89
2025-09-18,Campaign_Shopping_1,632.1
2025-09-19,Campaign_Generic_1,651.81
2025-09-19,Campaign_Generic_2,256.99
2025-09-19,Campaign_Search_Brand,961.77
2025-09-19,Campaign_PMax_1,392.53
2025-09-19,Campaign_PMax_2,2794.99
2025-09-19,Campaign_Shopping_1,438.12
2025-09-20,Campaign_Generic_1,732.81
2025-09-20,Campaign_Generic_2,176.64
2025-09-20,Campaign_Search_Brand,719.5
2025-09-20,Campaign_PMax_1,344.89
2025-09-20,Campaign_PMax_2,3660.32
2025-09-20,Campaign_Shopping_1,431.54
2025-09-21,Campaign_Generic_1,712.37
2025-09-21,Campaign_Generic_2,190.3
2025-09-21,Campaign_Search_Brand,745.02
2025-09-21,Campaign_PMax_1,455.73
2025-09-21,Campaign_PMax_2,2609.76
2025-09-21,Campaign_Shopping_1,660.75
2025-09-22,Campaign_Generic_1,715.3
2025-09-22,Campaign_Generic_2,365.86
2025-09-22,Campaign_Search_Brand,1018.4
2025-09-22,Campaign_PMax_1,670.17
2025-09-22,Campaign_PMax_2,1283.57
2025-09-22,Campaign_Shopping_1,700.53
2025-09-23,Campaign_Generic_1,707.24
2025-09-23,Campaign_Generic_2,236.2
2025-09-23,Campaign_Search_Brand,978.08
2025-09-23,Campaign_PMax_1,567.74
2025-09-23,Campaign_PMax_2,2193.22
2025-09-23,Campaign_Shopping_1,668.52
2025-09-24,Campaign_Generic_1,767.62
2025-09-24,Campaign_Generic_2,213.21
2025-09-24,Campaign_Search_Brand,1029.67
2025-09-24,Campaign_PMax_1,694.43
2025-09-24,Campaign_PMax_2,2119.48
2025-09-24,Campaign_Shopping_1,758.23
2025-09-25,Campaign_Generic_1,315.59
2025-09-25,Campaign_Generic_2,840.52
2025-09-25,Campaign_Search_Brand,1030.22
2025-09-25,Campaign_PMax_1,741.48
2025-09-25,Campaign_PMax_2,2211.87
2025-09-25,Campaign_Shopping_1,805.23
2025-09-26,Campaign_Generic_1,357.12
2025-09-26,Campaign_Generic_2,584.62
2025-09-26,Campaign_Search_Brand,898.48
2025-09-26,Campaign_PMax_1,500.44
2025-09-26,Campaign_PMax_2,2983.62
2025-09-26,Campaign_Shopping_1,594.06
2025-09-27,Campaign_Generic_1,381.06
2025-09-27,Campaign_Generic_2,319.68
2025-09-27,Campaign_Search_Brand,607.33
2025-09-27,Campaign_PMax_1,573.73
2025-09-27,Campaign_PMax_2,4024.33
2025-09-27,Campaign_Shopping_1,678.55
2025-09-28,Campaign_Generic_1,628.39
2025-09-28,Campaign_Generic_2,339.7
2025-09-28,Campaign_Search_Brand,597.74
2025-09-28,Campaign_PMax_1,1302.84
2025-09-28,Campaign_PMax_2,4036.76
2025-09-28,Campaign_Shopping_1,981.67
2025-09-29,Campaign_Generic_1,781.74
2025-09-29,Campaign_Generic_2,316.28
2025-09-29,Campaign_Search_Brand,940.71
2025-09-29,Campaign_PMax_1,1445.96
2025-09-29,Campaign_PMax_2,2323.47
2025-09-29,Campaign_Shopping_1,1097.67
2025-09-30,Campaign_Generic_1,1111.02
2025-09-30,Campaign_Generic_2,103.99
2025-09-30,Campaign_Search_Brand,728.36
2025-09-30,Campaign_PMax_1,2047.4
2025-09-30,Campaign_PMax_2,1052.25
2025-09-30,Campaign_Shopping_1,1113.52
2025-10-01,Campaign_Generic_1,971.8
2025-10-01,Campaign_Generic_2,343.39
2025-10-01,Campaign_Search_Brand,683.08
2025-10-01,Campaign_PMax_1,1402.59
2025-10-01,Campaign_PMax_2,1255.49
2025-10-01,Campaign_Shopping_1,1190.62
2025-10-02,Campaign_Generic_1,901.21
2025-10-02,Campaign_Generic_2,198.14
2025-10-02,Campaign_Search_Brand,723.29
2025-10-02,Campaign_PMax_1,1097.1
2025-10-02,Campaign_PMax_2,1129.52
2025-10-02,Campaign_Shopping_1,1027.63
2025-10-03,Campaign_Generic_1,790.61
2025-10-03,Campaign_Generic_2,162.53
2025-10-03,Campaign_Search_Brand,731.93
2025-10-03,Campaign_PMax_1,1248.66
2025-10-03,Campaign_PMax_2,1079.7
2025-10-03,Campaign_Shopping_1,805.9
2025-10-04,Campaign_Generic_1,901.0
2025-10-04,Campaign_Generic_2,169.68
2025-10-04,Campaign_Search_Brand,607.3
2025-10-04,Campaign_PMax_1,2256.48
2025-10-04,Campaign_PMax_2,1136.3
2025-10-04,Campaign_Shopping_1,826.03
2025-10-05,Campaign_Generic_1,708.82
2025-10-05,Campaign_Generic_2,136.48
2025-10-05,Campaign_Search_Brand,596.12
2025-10-05,Campaign_PMax_1,1807.73
2025-10-05,Campaign_PMax_2,1557.45
2025-10-05,Campaign_Shopping_1,849.15
2025-10-06,Campaign_Generic_1,1051.79
2025-10-06,Campaign_Generic_2,266.03
2025-10-06,Campaign_Search_Brand,901.15
2025-10-06,Campaign_PMax_1,1662.95
2025-10-06,Campaign_PMax_2,1414.78
2025-10-06,Campaign_Shopping_1,867.72
2025-10-07,Campaign_Generic_1,689.3
2025-10-07,Campaign_Generic_2,227.59
2025-10-07,Campaign_Search_Brand,1039.79
2025-10-07,Campaign_PMax_1,1401.6
2025-10-07,Campaign_PMax_2,1287.06
2025-10-07,Campaign_Shopping_1,1064.2
2025-10-08,Campaign_Generic_1,665.47
2025-10-08,Campaign_Generic_2,240.64
2025-10-08,Campaign_Search_Brand,2365.5
2025-10-08,Campaign_PMax_1,1331.2
2025-10-08,Campaign_PMax_2,1229.61
2025-10-08,Campaign_Shopping_1,1291.56
2025-10-09,Campaign_Generic_1,522.89
2025-10-09,Campaign_Generic_2,215.31
2025-10-09,Campaign_Search_Brand,3168.96
2025-10-09,Campaign_PMax_1,670.2
2025-10-09,Campaign_PMax_2,1198.52
2025-10-09,Campaign_Shopping_1,1303.48
2025-10-10,Campaign_Generic_1,551.51
2025-10-10,Campaign_Generic_2,158.88
2025-10-10,Campaign_Search_Brand,5384.63
2025-10-10,Campaign_PMax_1,1603.56
2025-10-10,Campaign_PMax_2,1259.14
2025-10-10,Campaign_Shopping_1,937.56
2025-10-11,Campaign_Generic_1,527.8
2025-10-11,Campaign_Generic_2,210.19
2025-10-11,Campaign_Search_Brand,2801.77
2025-10-11,Campaign_PMax_1,1069.02
2025-10-11,Campaign_PMax_2,1108.94
2025-10-11,Campaign_Shopping_1,793.22
2025-10-12,Campaign_Generic_1,452.14
2025-10-12,Campaign_Generic_2,236.92
2025-10-12,Campaign_Search_Brand,2496.59
2025-10-12,Campaign_PMax_1,1072.26
2025-10-12,Campaign_PMax_2,1213.68
2025-10-12,Campaign_Shopping_1,981.12
2025-10-13,Campaign_Generic_1,518.19
2025-10-13,Campaign_Generic_2,282.11
2025-10-13,Campaign_Search_Brand,2347.13
2025-10-13,Campaign_PMax_1,1567.5
2025-10-13,Campaign_PMax_2,961.96
2025-10-13,Campaign_Shopping_1,836.42
2025-10-14,Campaign_Generic_1,550.21
2025-10-14,Campaign_Generic_2,266.65
2025-10-14,Campaign_Search_Brand,1843.52
2025-10-14,Campaign_PMax_1,801.86
2025-10-14,Campaign_PMax_2,610.45
2025-10-14,Campaign_Shopping_1,855.8
2025-10-15,Campaign_Generic_1,686.51
2025-10-15,Campaign_Generic_2,200.19
2025-10-15,Campaign_Search_Brand,1664.84
2025-10-15,Campaign_PMax_1,785.52
2025-10-15,Campaign_PMax_2,447.81
2025-10-15,Campaign_Shopping_1,653.12
2025-10-16,Campaign_Generic_1,778.25
2025-10-16,Campaign_Generic_2,254.93
2025-10-16,Campaign_Search_Brand,1062.14
2025-10-16,Campaign_PMax_1,1449.19
2025-10-16,Campaign_PMax_2,420.21
2025-10-16,Campaign_Shopping_1,405.73
2025-10-17,Campaign_Generic_1,991.99
2025-10-17,Campaign_Generic_2,147.72
2025-10-17,Campaign_Search_Brand,741.28
2025-10-17,Campaign_PMax_1,1393.2
2025-10-17,Campaign_PMax_2,449.24
2025-10-17,Campaign_Shopping_1,242.83
2025-10-18,Campaign_Generic_1,463.51
2025-10-18,Campaign_Generic_2,163.82
2025-10-18,Campaign_Search_Brand,502.56
2025-10-18,Campaign_PMax_1,1555.74
2025-10-18,Campaign_PMax_2,508.49
2025-10-18,Campaign_Shopping_1,336.15
2025-10-19,Campaign_Generic_1,241.26
2025-10-19,Campaign_Generic_2,251.04
2025-10-19,Campaign_Search_Brand,425.19
2025-10-19,Campaign_PMax_1,1829.6
2025-10-19,Campaign_PMax_2,730.91
2025-10-19,Campaign_Shopping_1,540.3
2025-10-20,Campaign_Generic_1,497.81
2025-10-20,Campaign_Generic_2,125.5
2025-10-20,Campaign_Search_Brand,619.09
2025-10-20,Campaign_PMax_1,1011.26
2025-10-20,Campaign_PMax_2,1706.69
2025-10-20,Campaign_Shopping_1,140.04
2025-10-21,Campaign_Generic_1,589.42
2025-10-21,Campaign_Generic_2,420.42
2025-10-21,Campaign_Search_Brand,477.15
2025-10-21,Campaign_PMax_1,4094.81
2025-10-21,Campaign_PMax_2,1509.98
2025-10-21,Campaign_Shopping_1,427.29
2025-10-22,Campaign_Generic_1,510.54
2025-10-22,Campaign_Generic_2,107.88
2025-10-22,Campaign_Search_Brand,485.56
2025-10-22,Campaign_PMax_1,1427.83
2025-10-22,Campaign_PMax_2,1273.74
2025-10-22,Campaign_Shopping_1,302.59
2025-10-23,Campaign_Generic_1,97.78
2025-10-23,Campaign_Generic_2,133.69
2025-10-23,Campaign_Search_Brand,391.26
2025-10-23,Campaign_PMax_1,1200.97
2025-10-23,Campaign_PMax_2,819.75
2025-10-23,Campaign_Shopping_1,220.02
2025-10-24,Campaign_Generic_1,81.84
2025-10-24,Campaign_Generic_2,128.72
2025-10-24,Campaign_Search_Brand,295.97
2025-10-24,Campaign_PMax_1,1024.17
2025-10-24,Campaign_PMax_2,792.45
2025-10-24,Campaign_Shopping_1,324.75
2025-10-25,Campaign_Generic_1,73.11
2025-10-25,Campaign_Generic_2,164.15
2025-10-25,Campaign_Search_Brand,467.64
2025-10-25,Campaign_PMax_1,1027.5
2025-10-25,Campaign_PMax_2,812.87
2025-10-25,Campaign_Shopping_1,270.59
2025-10-26,Campaign_Generic_1,57.45
2025-10-26,Campaign_Generic_2,173.97
2025-10-26,Campaign_Search_Brand,551.44
2025-10-26,Campaign_PMax_1,1089.53
2025-10-26,Campaign_PMax_2,993.95
2025-10-26,Campaign_Shopping_1,306.58
2025-10-27,Campaign_Generic_1,71.98
2025-10-27,Campaign_Generic_2,125.99
2025-10-27,Campaign_Search_Brand,515.22
2025-10-27,Campaign_PMax_1,1050.74
2025-10-27,Campaign_PMax_2,630.06
2025-10-27,Campaign_Shopping_1,362.6
2025-10-28,Campaign_Generic_1,65.85
2025-10-28,Campaign_Generic_2,229.81
2025-10-28,Campaign_Search_Brand,663.16
2025-10-28,Campaign_PMax_1,1064.53
2025-10-28,Campaign_PMax_2,848.86
2025-10-28,Campaign_Shopping_1,294.3
2025-10-29,Campaign_Generic_1,99.3
2025-10-29,Campaign_Generic_2,184.95
2025-10-29,Campaign_Search_Brand,909.31
2025-10-29,Campaign_PMax_1,2103.44
2025-10-29,Campaign_PMax_2,1305.62
2025-10-29,Campaign_Shopping_1,184.75
2025-10-30,Campaign_Generic_1,56.59
2025-10-30,Campaign_Generic_2,191.43
2025-10-30,Campaign_Search_Brand,1241.99
2025-10-30,Campaign_PMax_1,1385.89
2025-10-30,Campaign_PMax_2,602.32
2025-10-30,Campaign_Shopping_1,183.57
2025-10-31,Campaign_Generic_1,83.99
2025-10-31,Campaign_Generic_2,205.97
2025-10-31,Campaign_Search_Brand,1302.61
2025-10-31,Campaign_PMax_1,883.35
2025-10-31,Campaign_PMax_2,25.4
2025-10-31,Campaign_Shopping_1,194.07
